Rk,Player,Pos,Age,Tm,G,GS,MP,FG,FGA,FG%,3P,3PA,3P%,2P,2PA,2P%,eFG%,FT,FTA,FT%,ORB,DRB,TRB,AST,STL,BLK,TOV,PF,PTS
1,Precious Achiuwa,C,24,TOR,3,0,21.7,3,8,0.375,0.3,1.7,0.2,2.7,6.3,0.421,0.396,1,1,1,2.7,5.3,8,1.3,0,0.3,2,2.7,7.3
2,Bam Adebayo,C,26,MIA,4,4,33.3,8,15.5,0.516,0,0.3,0,8,15.3,0.525,0.516,6.3,8.5,0.735,2.5,5.5,8,2.5,0.8,1.5,3.3,2,22.3
3,Ochai Agbaji,SG,23,UTA,5,0,14.2,1,4,0.25,0.6,2.4,0.25,0.4,1.6,0.25,0.325,0,0.2,0,0.2,1.6,1.8,1,0.2,0.4,0.4,1,2.6
4,Nickeil Alexander-Walker,SG,25,MIN,4,2,19.8,1.5,5.5,0.273,0.8,3.5,0.214,0.8,2,0.375,0.341,0,0.5,0,0,1.8,1.8,2,0.5,0.8,1.3,2.3,3.8
5,Grayson Allen,SG,28,PHO,4,4,30.8,3.3,7.8,0.419,2.5,5.8,0.435,0.8,2,0.375,0.581,1.5,1.5,1,1.3,4,5.3,3,0.5,0.3,1.5,2.3,10.5
6,Kyle Anderson,PF,30,MIN,4,0,25.8,3.5,6.5,0.538,0.3,1,0.25,3.3,5.5,0.591,0.558,0.8,1,0.75,0.8,3.3,4,4,1.5,0.3,1.3,0.5,8
7,Giannis Antetokounmpo,PF,29,MIL,4,4,31,9,16.8,0.537,0.3,1.8,0.143,8.8,15,0.583,0.545,6.3,9.8,0.641,3.3,5.3,8.5,2.5,1,1.3,3.8,3,24.5
8,Thanasis Antetokounmpo,PF,31,MIL,2,0,5.5,0.5,1,0.5,0,0,,0.5,1,0.5,0.5,0,0,,0,0,0,1,0.5,0,1.5,1,1
9,Cole Anthony,PG,23,ORL,4,0,22.8,5.3,11.3,0.467,1.3,3.5,0.357,4,7.8,0.516,0.522,3.3,4.8,0.684,0.5,3.8,4.3,1.8,0.8,0.3,0.8,2.5,15
10,OG Anunoby,SF,26,TOR,4,4,29.3,5.8,10,0.575,2,5.8,0.348,3.8,4.3,0.882,0.675,0.8,1.3,0.6,0,3.5,3.5,1.3,1.8,1,1.8,2.3,14.3
11,Ryan Arcidiacono,PG,29,NYK,1,0,2,0,0,,0,0,,0,0,,,0,0,,0,1,1,0,0,0,0,0,0
12,Deni Avdija,SF,23,WAS,4,4,23.5,5.5,10.5,0.524,1.3,2.5,0.5,4.3,8,0.531,0.583,0.8,1.3,0.6,2.3,4,6.3,2.8,1.5,0.3,1,2.8,13
13,Deandre Ayton,C,25,POR,5,5,28,5,8.4,0.595,0,0,,5,8.4,0.595,0.595,0.2,0.2,1,3.4,10.6,14,1.4,2.2,1,1.6,2.6,10.2
14,Udoka Azubuike,C,24,PHO,1,0,6,1,1,1,0,0,,1,1,1,1,0,0,,0,3,3,0,0,0,0,0,2
15,Marvin Bagley III,C,24,DET,5,1,20.2,3.8,6.8,0.559,0.2,0.8,0.25,3.6,6,0.6,0.574,3.4,4,0.85,1,4.6,5.6,1.6,0,0.6,1.2,1.4,11.2
16,Patrick Baldwin Jr.,SF,21,WAS,2,0,4.5,0,1,0,0,0.5,0,0,0.5,0,0,0,0,,0,0,0,0.5,0,0,0,0,0
17,LaMelo Ball,PG,22,CHO,4,4,29.8,4.5,14.8,0.305,2,7.5,0.267,2.5,7.3,0.345,0.373,4.5,5.5,0.818,1.3,3.5,4.8,8,1.5,0.3,3.3,3.5,15.5
18,Mo Bamba,C,25,PHI,1,0,2,0,0,,0,0,,0,0,,,0,0,,0,0,0,0,0,1,0,0,0
19,Paolo Banchero,PF,21,ORL,4,4,31.5,4.3,11.3,0.378,0.5,2.3,0.222,3.8,9,0.417,0.4,3.5,6.5,0.538,0.8,4.5,5.3,4.5,1.8,0,2.3,2.3,12.5
20,Desmond Bane,SG,25,MEM,5,5,33.2,8.8,19,0.463,3.4,9.8,0.347,5.4,9.2,0.587,0.553,3.6,4,0.9,1,2.8,3.8,3.2,1.8,0.4,2.6,2.4,24.6
21,Dalano Banton,PG,24,BOS,2,0,9,2.5,3.5,0.714,0,0.5,0,2.5,3,0.833,0.714,1.5,1.5,1,1,1.5,2.5,1,0.5,0,0.5,1.5,6.5
22,Dominick Barlow,PF,20,SAS,1,0,5,0,0,,0,0,,0,0,,,0,0,,0,0,0,0,0,0,0,0,0
23,Harrison Barnes,PF,31,SAC,4,4,33.3,5.5,9.5,0.579,2.5,5,0.5,3,4.5,0.667,0.711,2.8,3.5,0.786,0.5,2.3,2.8,1.5,0.8,0.3,0.5,1,16.3
24,Scottie Barnes,SF,22,TOR,5,5,35.6,8.4,16.2,0.519,1.8,4.2,0.429,6.6,12,0.55,0.574,2.2,2.8,0.786,2.4,7.6,10,5.4,1,2.4,3.8,2.6,20.8
25,RJ Barrett,SG,23,NYK,4,4,31.3,7.3,16,0.453,2.3,5.3,0.429,5,10.8,0.465,0.523,4.3,5.3,0.81,0.8,2.3,3,2.5,0.5,0.3,2.3,1,21
26,Charles Bassey,C,23,SAS,4,0,13,1.3,1.8,0.714,0,0,,1.3,1.8,0.714,0.714,0,0,,1,3,4,1,0.5,0.5,0.5,1.8,2.5
27,Emoni Bates,SF,20,CLE,2,0,14.5,1.5,4.5,0.333,1,3,0.333,0.5,1.5,0.333,0.444,0.5,1,0.5,0.5,2.5,3,0.5,0,0.5,0.5,0.5,4.5
28,Keita Bates-Diop,SF,28,PHO,1,0,6,1,2,0.5,0,0,,1,2,0.5,0.5,0,0,,0,1,1,1,0,0,0,0,2
29,Nicolas Batum,PF,35,LAC,3,0,18,1,2.7,0.375,0.7,2.3,0.286,0.3,0.3,1,0.5,0,0,,0,2.3,2.3,1.7,1,1.3,0.3,1.7,2.7
30,Malik Beasley,SG,27,MIL,4,4,30,4.3,8.5,0.5,3,6.5,0.462,1.3,2,0.625,0.676,0.5,1.5,0.333,0.3,3,3.3,1.5,2,0,1.5,2.3,12
31,MarJon Beauchamp,SF,23,MIL,3,0,16,2.3,4.3,0.538,1.3,2.7,0.5,1,1.7,0.6,0.692,0.7,0.7,1,0.7,1,1.7,0,0,0,0.3,2,6.7
32,Dāvis Bertāns,PF,31,OKC,1,0,13,1,2,0.5,1,2,0.5,0,0,,0.75,3,3,1,0,1,1,0,0,0,0,1,6
33,Patrick Beverley,PG,35,PHI,3,0,17,1.3,2,0.667,0,0,,1.3,2,0.667,0.667,0,0,,1.3,1.7,3,2,0.3,1,0.7,2.3,2.7
34,Saddiq Bey,SF,24,ATL,5,3,28.4,4,8,0.5,1.6,3.8,0.421,2.4,4.2,0.571,0.6,2,2.2,0.909,1.4,4.2,5.6,1,1.2,0.4,1.2,1.2,11.6
35,Goga Bitadze,C,24,ORL,3,0,3.3,0.7,0.7,1,0,0,,0.7,0.7,1,1,1.3,2,0.667,0.7,0.7,1.3,1,0.3,0,0.3,0.3,2.7
36,Anthony Black,PG,20,ORL,2,0,4.5,1,1,1,0,0,,1,1,1,1,0.5,0.5,1,0,0,0,1,0,1,0,0.5,2.5
37,Bogdan Bogdanović,SG,31,ATL,5,0,24,4.4,10,0.44,2.4,6.6,0.364,2,3.4,0.588,0.56,0.8,0.8,1,0,2,2,3.6,1.6,0.2,1.2,1.6,12
38,Bol Bol,PF,24,PHO,1,0,4,0,0,,0,0,,0,0,,,0,0,,0,1,1,0,0,1,2,0,0
39,Devin Booker,SG,27,PHO,1,1,37,13,21,0.619,3,8,0.375,10,13,0.769,0.69,3,3,1,1,5,6,8,1,0,6,4,32
40,Chris Boucher,PF,31,TOR,4,0,14.8,1.8,4.5,0.389,0,0.8,0,1.8,3.8,0.467,0.389,2.8,3,0.917,1.5,4,5.5,0.5,0.5,0.3,0.8,2.5,6.3
41,Malaki Branham,SG,20,SAS,4,0,15.5,2.8,8.3,0.333,1,3,0.333,1.8,5.3,0.333,0.394,0.5,0.5,1,0,1.3,1.3,2,0.8,0,1.5,0.5,7
42,Christian Braun,SG,22,DEN,5,0,21.8,3.2,7.2,0.444,0.4,2,0.2,2.8,5.2,0.538,0.472,1.2,1.8,0.667,1.4,4.8,6.2,3,0.6,0.6,0.8,1.4,8
43,Mikal Bridges,SG,27,BRK,4,4,34.8,7.3,14.5,0.5,1.5,4.8,0.316,5.8,9.8,0.59,0.552,4.8,5,0.95,1.5,4.5,6,4,1.3,0.3,2.8,2.5,20.8
44,Oshae Brissett,SF,25,BOS,3,0,14.7,0.7,3.3,0.2,0,1,0,0.7,2.3,0.286,0.2,0.7,0.7,1,1.3,1.3,2.7,0.3,1,0,0.7,1,2
45,Malcolm Brogdon,PG,31,POR,5,0,26.8,7,15.8,0.443,2.2,5.6,0.393,4.8,10.2,0.471,0.513,2,2.8,0.714,1,3.6,4.6,4.4,0.4,0,1.6,1.4,18.2
46,Armoni Brooks,PG,25,BRK,1,0,16,6,7,0.857,5,6,0.833,1,1,1,1.214,0,0,,0,2,2,0,0,0,0,0,17
47,Dillon Brooks,SG,28,HOU,4,4,34.5,5.8,9.8,0.59,2.5,4,0.625,3.3,5.8,0.565,0.718,1.8,2,0.875,0.3,3,3.3,2.8,1.8,0,2.8,4.3,15.8
48,Bruce Brown,PG,27,IND,4,4,29.3,4.5,9.3,0.486,2.3,4.5,0.5,2.3,4.8,0.474,0.608,0.8,1,0.75,0.8,3,3.8,1.3,1,0,1,2.3,12
49,Jaylen Brown,SF,27,BOS,4,4,32.3,8.8,18,0.486,2.8,6.3,0.44,6,11.8,0.511,0.563,2.3,3.5,0.643,0.8,5.5,6.3,2.3,1.5,0.3,2,3,22.5
50,Kobe Brown,PF,24,LAC,4,0,8.8,1,2.3,0.444,0.5,1.5,0.333,0.5,0.8,0.667,0.556,0,0,,0.3,1.5,1.8,0.5,0.3,0.3,0,1.5,2.5
51,Troy Brown Jr.,SF,24,MIN,3,0,8.3,0,1,0,0,1,0,0,0,,0,1.3,1.3,1,0,2.3,2.3,0.7,0.3,0,1,0.3,1.3
52,Jalen Brunson,PG,27,NYK,5,5,33.6,7.2,19,0.379,2.6,6,0.433,4.6,13,0.354,0.447,3.6,4.6,0.783,0.6,3.2,3.8,4.4,1,0,2.2,2.2,20.6
53,Thomas Bryant,C,26,MIA,5,1,15.4,2.4,5,0.48,0,0.4,0,2.4,4.6,0.522,0.48,1.8,2.2,0.818,1.4,3,4.4,1,0.8,0.2,1.2,1.2,6.6
54,Kobe Bufkin,SG,20,ATL,2,0,2,0,1.5,0,0,0.5,0,0,1,0,0,0.5,1,0.5,0.5,0.5,1,0,0,0,0,0,0.5
55,Reggie Bullock,SF,32,HOU,3,0,9.3,0.3,1.3,0.25,0.3,1.3,0.25,0,0,,0.375,0,0,,0,1.7,1.7,0,0.3,0.3,0.7,1,1
56,Alec Burks,SG,32,DET,4,0,25.5,4.3,9.8,0.436,3.5,6.5,0.538,0.8,3.3,0.231,0.615,3,3.8,0.8,0.3,3,3.3,2.3,0.3,0.8,0,1.5,15
57,Jared Butler,SG,23,WAS,2,0,4.5,0.5,2,0.25,0.5,1.5,0.333,0,0.5,0,0.375,0,0,,0,0,0,0.5,0,0,0.5,0,1.5
58,Jimmy Butler,PF,34,MIA,4,4,32.8,5,14,0.357,0.3,1,0.25,4.8,13,0.365,0.366,6.3,7.5,0.833,4,3.3,7.3,3.5,1,0.5,0.8,0.5,16.5
59,Jamal Cain,PF,24,MIA,2,0,14.5,2,4.5,0.444,0,2,0,2,2.5,0.8,0.444,0,0,,1.5,1.5,3,0,1.5,0,0.5,1,4
60,Kentavious Caldwell-Pope,SG,30,DEN,5,5,32.2,3.6,7.2,0.5,1.6,3.6,0.444,2,3.6,0.556,0.611,1,1,1,0.2,1.8,2,0.6,2.4,1,1.4,2.8,9.8
61,Toumani Camara,PF,23,POR,5,0,23.2,2,6.4,0.313,0.6,2.2,0.273,1.4,4.2,0.333,0.359,1.6,2.2,0.727,1.6,3,4.6,1.2,0.2,1,0.4,1.8,6.2
62,Clint Capela,C,29,ATL,5,5,24.6,4.2,8.2,0.512,0,0,,4.2,8.2,0.512,0.512,2,2.4,0.833,3.8,7,10.8,0.8,0.6,1.2,0.8,1.6,10.4
63,Jevon Carter,PG,28,CHI,5,0,14.8,2.4,5.2,0.462,1,2.6,0.385,1.4,2.6,0.538,0.558,0,0,,0.2,0.8,1,1.6,0.4,0.4,1,0.4,5.8
64,Wendell Carter Jr.,C,24,ORL,4,4,29.5,3,8.3,0.364,0.5,2.5,0.2,2.5,5.8,0.435,0.394,1.8,3,0.583,2.3,6,8.3,1.5,0.8,0.3,1.5,2.5,8.3
65,Alex Caruso,PG,29,CHI,5,0,24,2.8,5.4,0.519,0.8,2.8,0.286,2,2.6,0.769,0.593,0.6,1.2,0.5,2.2,3.4,5.6,2.6,1.8,0.8,1.2,2.8,7
66,Julian Champagnie,SF,22,SAS,2,0,5,0.5,2.5,0.2,0.5,1.5,0.333,0,1,0,0.3,0,0,,0,1,1,0,0,0.5,0.5,0,1.5
67,Max Christie,SG,20,LAL,2,0,11.5,0.5,3.5,0.143,0.5,2.5,0.2,0,1,0,0.214,1,1,1,0,1.5,1.5,0,0.5,0,0,1.5,2.5
68,Jordan Clarkson,SG,31,UTA,5,5,29.2,5,12.4,0.403,1.8,4.6,0.391,3.2,7.8,0.41,0.476,1.8,3,0.6,1.2,2.6,3.8,5,0.8,0,3.4,1.8,13.6
69,Nic Claxton,C,24,BRK,1,1,28,3,10,0.3,0,0,,3,10,0.3,0.3,1,1,1,4,3,7,4,0,3,0,1,7
70,Amir Coffey,SF,26,LAC,3,0,6.7,0,0.7,0,0,0,,0,0.7,0,0,0.7,0.7,1,0,0.3,0.3,0.7,0,0,0.7,0.3,0.7
71,John Collins,PF,26,UTA,5,5,31,5.4,11.8,0.458,1.2,3.8,0.316,4.2,8,0.525,0.508,2,3,0.667,3.6,5.6,9.2,1.6,0.8,0.2,0.4,3,14
72,Zach Collins,C,26,SAS,4,4,30.8,5,11,0.455,0.5,4.5,0.111,4.5,6.5,0.692,0.477,1,1.5,0.667,0.8,4.8,5.5,4.8,1.5,1.3,3.5,3.5,11.5
73,Mike Conley,PG,36,MIN,4,4,28.8,4.8,9.3,0.514,2,5,0.4,2.8,4.3,0.647,0.622,0.5,0.5,1,1,2.3,3.3,4.3,0.8,0.3,0.3,1.5,12
74,Pat Connaughton,SF,31,MIL,4,0,22.3,2,5.5,0.364,1,3.5,0.286,1,2,0.5,0.455,0.8,1,0.75,0.3,2.8,3,1.8,0.5,0.5,0.8,1,5.8
75,Bilal Coulibaly,SF,19,WAS,4,1,23.3,1.8,5.5,0.318,0.8,3,0.25,1,2.5,0.4,0.386,0,0.5,0,0.8,2.5,3.3,1.8,1,1.5,2,1,4.3
76,Robert Covington,PF,33,LAC,3,3,23,1,3,0.333,0.7,2.7,0.25,0.3,0.3,1,0.444,0.3,0.7,0.5,0.7,2,2.7,2.3,2,0.7,0,2.3,3
77,Torrey Craig,SF,33,CHI,5,0,21,2.4,5,0.48,1,2.4,0.417,1.4,2.6,0.538,0.58,0,0,,2.2,2.6,4.8,0.6,0.6,0.6,0.6,2.6,5.8
78,Jae Crowder,PF,33,MIL,4,1,25.8,2.5,5,0.5,1.3,2.5,0.5,1.3,2.5,0.5,0.625,0.8,1.3,0.6,0.5,2.8,3.3,2.5,0.8,0.8,0.5,2,7
79,Cade Cunningham,PG,22,DET,5,5,34.4,8.4,20.2,0.416,3,6.8,0.441,5.4,13.4,0.403,0.49,3,3.4,0.882,0.2,3,3.2,6.8,0.6,0.2,5.4,3.6,22.8
80,Seth Curry,SG,33,DAL,4,0,10,1,2.8,0.364,0.3,1,0.25,0.8,1.8,0.429,0.409,0,0,,0.5,0.8,1.3,0.8,0.3,0.3,0.8,0.8,2.3
81,Stephen Curry,PG,35,GSW,5,5,31.8,10,18.4,0.543,5.6,12.2,0.459,4.4,6.2,0.71,0.696,5.4,5.8,0.931,0.8,4.4,5.2,3.8,1,0.2,3.4,2,31
82,Dyson Daniels,PG,20,NOP,4,0,22.5,2.5,7,0.357,0.5,3,0.167,2,4,0.5,0.393,0.3,2,0.125,1.3,3,4.3,1.8,1,0.8,1,2,5.8
83,Anthony Davis,C,30,LAL,5,5,40.2,9.8,18.4,0.533,0.6,1.4,0.429,9.2,17,0.541,0.549,5.8,6.8,0.853,3.2,9.8,13,3.2,1.4,3,1,3.2,26
84,Johnny Davis,SG,21,WAS,2,0,13,2.5,5,0.5,0,0.5,0,2.5,4.5,0.556,0.5,1,1.5,0.667,0.5,1,1.5,0,1.5,0,1,2.5,6
85,DeMar DeRozan,SF,34,CHI,5,5,34.8,7.6,17.4,0.437,0.4,1.8,0.222,7.2,15.6,0.462,0.448,6.2,7.6,0.816,1.2,2.2,3.4,4,1.4,1,1,2.2,21.8
86,Moussa Diabaté,C,22,LAC,3,0,4,0.7,1.7,0.4,0,0,,0.7,1.7,0.4,0.4,0,0,,1,0,1,1.3,0.7,0,0.7,0,1.3
87,Gradey Dick,SG,20,TOR,5,0,15.6,1.8,5.6,0.321,1,3.8,0.263,0.8,1.8,0.444,0.411,0.4,0.4,1,0.6,1.4,2,0.4,0.4,0,0.2,2,5
88,Ousmane Dieng,PF,20,OKC,5,0,15,2,4.6,0.435,1,3.4,0.294,1,1.2,0.833,0.543,0.2,0.4,0.5,0.4,1.8,2.2,1.2,0,0,0.4,0.8,5.2
89,Spencer Dinwiddie,PG,30,BRK,3,3,25.7,3.7,8.7,0.423,2.7,6,0.444,1,2.7,0.375,0.577,1,1.3,0.75,0,1.7,1.7,4.7,0,0,1.3,2.7,11
90,Donte DiVincenzo,SG,27,NYK,5,0,20.2,2.8,6.8,0.412,1.6,4.6,0.348,1.2,2.2,0.545,0.529,0.8,1.4,0.571,0.6,2,2.6,2,1.2,0.4,1.6,2.4,8
91,Luka Dončić,PG,24,DAL,4,4,37.5,11.3,22,0.511,4.8,11.3,0.422,6.5,10.8,0.605,0.619,6.5,9,0.722,0.5,10,10.5,9.8,1.3,0.5,4,2,33.8
92,Luguentz Dort,SF,24,OKC,5,5,29.6,4.2,8.4,0.5,2,4.8,0.417,2.2,3.6,0.611,0.619,1.4,1.8,0.778,1,2.6,3.6,0.8,1.4,0.8,0.8,2.6,11.8
93,Ayo Dosunmu,SG,24,CHI,5,0,11.2,2,4.2,0.476,1,2.2,0.455,1,2,0.5,0.595,0,0,,0.4,0.8,1.2,1,0.4,0.2,0.2,0.6,5
94,Andre Drummond,C,30,CHI,5,0,13.8,2.6,5,0.52,0,0,,2.6,5,0.52,0.52,0.6,0.8,0.75,2.2,1.4,3.6,1,1.4,0.2,0.8,1,5.8
95,Chris Duarte,SF,26,SAC,4,0,15.5,1.5,4.8,0.316,0.8,2.8,0.273,0.8,2,0.375,0.395,1,1.3,0.8,0.3,1.3,1.5,1.5,0.5,0,0.5,3.8,4.8
96,Kris Dunn,PG,29,UTA,5,0,14.8,1.6,4.8,0.333,0.2,1.2,0.167,1.4,3.6,0.389,0.354,0.8,1.2,0.667,0,1.4,1.4,2.4,1,0,1.6,2.4,4.2
97,Kevin Durant,PF,35,PHO,4,4,35.8,10.3,20,0.513,1,3.5,0.286,9.3,16.5,0.561,0.538,5.8,7.3,0.793,0.5,6.5,7,4.8,1,0.8,4.3,1,27.3
98,Jalen Duren,C,20,DET,4,4,30.8,7,10.3,0.683,0,0,,7,10.3,0.683,0.683,1.5,2.3,0.667,5.3,8,13.3,3.3,0.8,2,2.8,3.3,15.5
99,Anthony Edwards,SG,22,MIN,4,4,35.3,9,19.8,0.456,3.3,6,0.542,5.8,13.8,0.418,0.538,3.8,4.3,0.882,1.3,4.5,5.8,4,0.8,0,3.3,2.3,25
100,Kessler Edwards,SF,23,SAC,2,0,0.5,0,0.5,0,0,0.5,0,0,0,,0,0,0,,0,0,0,0,0,0,0,0,0
101,Keon Ellis,SG,24,SAC,1,0,1,0,0,,0,0,,0,0,,,0,0,,0,0,0,0,0,0,0,0,0
102,Joel Embiid,C,29,PHI,3,3,33.7,11.7,21.3,0.547,2,4.7,0.429,9.7,16.7,0.58,0.594,5.7,8.7,0.654,1.7,8.7,10.3,7,1,3,3.7,2.7,31
103,Drew Eubanks,C,26,PHO,4,0,18.3,2.3,3.8,0.6,0,0,,2.3,3.8,0.6,0.6,0.8,1.5,0.5,1.5,4.8,6.3,2.5,0.3,1.8,1.8,2.5,5.3
104,Dante Exum,PG,28,DAL,4,0,7,1,2.5,0.4,0,0.5,0,1,2,0.5,0.4,0.3,0.3,1,0,1.8,1.8,0.5,0.5,0.3,0.3,0.3,2.3
105,Bruno Fernando,C,25,ATL,2,0,3,0,0.5,0,0,0.5,0,0,0,,0,0,0,,0,0,0,0,0,0,1,0.5,0
106,Dorian Finney-Smith,PF,30,BRK,4,3,30.3,5.3,9.5,0.553,3.3,6.8,0.481,2,2.8,0.727,0.724,0.3,0.8,0.333,0.8,4.8,5.5,2,0.3,0.5,1.8,2.3,14
107,Malachi Flynn,PG,25,TOR,5,0,12.2,1.4,3.2,0.438,0.6,1.4,0.429,0.8,1.8,0.444,0.531,0.2,0.2,1,0.2,0.6,0.8,1.6,1.2,0,1.8,1.4,3.6
108,Simone Fontecchio,SF,28,UTA,3,0,9.7,2.7,5,0.533,1.3,3.3,0.4,1.3,1.7,0.8,0.667,0,0,,0.7,1,1.7,0.7,0,0.3,1,0.7,6.7
109,Jordan Ford,PG,25,SAC,1,0,1,0,1,0,0,0,,0,1,0,0,0,0,,0,0,0,0,0,0,0,0,0
110,Trent Forrest,SG,25,ATL,1,0,5,0,0,,0,0,,0,0,,,0,0,,0,0,0,1,0,0,0,1,0
111,De'Aaron Fox,PG,26,SAC,3,3,35.3,11.3,23.3,0.486,3,8,0.375,8.3,15.3,0.543,0.55,5.7,7,0.81,1,3.3,4.3,6,1.3,0.7,2.7,4,31.3
112,Markelle Fultz,PG,25,ORL,4,4,28.8,5.5,11,0.5,0,0.8,0,5.5,10.3,0.537,0.5,0,0.3,0,1.5,2.3,3.8,4.3,1.3,0.5,1.3,1.3,11
113,Daniel Gafford,C,25,WAS,2,2,24.5,2.5,3,0.833,0,0,,2.5,3,0.833,0.833,3,5,0.6,2.5,5.5,8,0,0,2,0.5,3.5,8
114,Danilo Gallinari,SF,35,WAS,4,0,15,2.8,5,0.55,0.5,1.3,0.4,2.3,3.8,0.6,0.6,2,2.3,0.889,0.8,1.8,2.5,0.8,0.5,0,0.3,0.5,8
115,Darius Garland,PG,24,CLE,1,1,32,6,12,0.5,1,5,0.2,5,7,0.714,0.542,2,2,1,1,1,2,5,2,0,6,2,15
116,Luka Garza,C,25,MIN,1,0,1,1,1,1,0,0,,1,1,1,1,0,0,,0,1,1,0,0,0,0,0,2
117,Kaiser Gates,SF,27,NOP,1,0,7,0,4,0,0,2,0,0,2,0,0,0,0,,0,1,1,0,0,0,0,0,0
118,Keyonte George,SG,20,UTA,5,0,20.2,3,7.2,0.417,1.4,4.4,0.318,1.6,2.8,0.571,0.514,0.6,0.6,1,0.8,2,2.8,3,0.6,0.2,1.4,0.4,8
119,Paul George,SF,33,LAC,5,5,33.4,9.4,16.8,0.56,4.2,8.2,0.512,5.2,8.6,0.605,0.685,5.8,6.2,0.935,0.6,4.2,4.8,4,2.4,0,2.6,2.4,28.8
120,Josh Giddey,PF,21,OKC,5,5,28.4,5.4,13.8,0.391,0.8,2.4,0.333,4.6,11.4,0.404,0.42,1,1.4,0.714,1,5,6,4.4,0.6,0.4,2.2,0.8,12.6
121,Shai Gilgeous-Alexander,PG,25,OKC,5,5,34.2,9.6,20.6,0.466,1,3.8,0.263,8.6,16.8,0.512,0.49,4.6,5,0.92,0.6,6.2,6.8,6.6,2.6,0.6,2.6,1.6,24.8
122,Anthony Gill,PF,31,WAS,2,0,8.5,1,2,0.5,0,0,,1,2,0.5,0.5,1.5,2,0.75,0,1.5,1.5,1.5,0,0,0.5,1,3.5
123,Collin Gillespie,PG,24,DEN,2,0,3,0,0.5,0,0,0.5,0,0,0,,0,0,0,,0,0,0,0,0.5,0,0,0.5,0
124,Jacob Gilyard,PG,25,MEM,2,0,10.5,0.5,1.5,0.333,0.5,1,0.5,0,0.5,0,0.5,0,0,,0,1.5,1.5,3,0.5,0,0,0,1.5
125,Rudy Gobert,C,31,MIN,4,4,31.5,4,8.8,0.457,0,0,,4,8.8,0.457,0.457,3.8,5,0.75,4.3,8.8,13,1,1.3,2,1.3,2.3,11.8
126,Jordan Goodwin,PG,25,PHO,4,0,21,3,8.8,0.343,0.8,3.3,0.231,2.3,5.5,0.409,0.386,1.8,2.3,0.778,1.3,3.5,4.8,2.5,1.3,0,1.5,1.8,8.5
127,Aaron Gordon,PF,28,DEN,5,5,28,5.6,8.8,0.636,0.2,1,0.2,5.4,7.8,0.692,0.648,0.4,1.6,0.25,1.6,2.6,4.2,2.8,1.2,1.2,1.4,2,11.8
128,Eric Gordon,SG,35,PHO,4,3,31,6.8,15,0.45,2.8,8.3,0.333,4,6.8,0.593,0.542,0.3,0.3,1,0.5,2,2.5,2.8,0.5,0.3,1.8,1.5,16.5
129,Jerami Grant,PF,29,POR,5,5,33.8,5.8,15.2,0.382,1.2,5,0.24,4.6,10.2,0.451,0.421,5.4,6.4,0.844,1,2.8,3.8,1,0.8,0.8,2.8,2.8,18.2
130,A.J. Green,SG,24,MIL,3,0,8.7,1,2.3,0.429,0.7,1.7,0.4,0.3,0.7,0.5,0.571,0.3,0.3,1,0,0.7,0.7,1,0,0,0,1.3,3
131,Danny Green,SG,36,PHI,2,0,9,0,1,0,0,0.5,0,0,0.5,0,0,0,0,,0,1,1,0.5,0.5,0,0,0.5,0
132,Draymond Green,PF,33,GSW,3,3,23.3,3,6.3,0.474,0.7,2,0.333,2.3,4.3,0.538,0.526,1,1.7,0.6,1.3,3,4.3,7,0.7,1,2.3,2,7.7
133,Jalen Green,SG,21,HOU,4,4,34.3,6.5,16.5,0.394,1.8,5,0.35,4.8,11.5,0.413,0.447,4.3,4.8,0.895,0.8,4,4.8,2,0.8,0.5,2.8,2,19
134,Jeff Green,PF,37,HOU,4,0,17,2.5,4.5,0.556,0.5,1.3,0.4,2,3.3,0.615,0.611,1.8,2.3,0.778,1,1.3,2.3,1,0,0.3,0.5,1,7.3
135,Josh Green,SG,23,DAL,4,2,29.5,2.8,6.8,0.407,1.3,3.5,0.357,1.5,3.3,0.462,0.5,1.5,2.5,0.6,1,1.5,2.5,1.8,1.3,0,1.5,2,8.3
136,AJ Griffin,SF,20,ATL,5,0,9,1.2,2.4,0.5,1,2,0.5,0.2,0.4,0.5,0.708,0,0,,0.2,0.8,1,0.4,0.2,0,0.4,0.2,3.4
137,Quentin Grimes,SG,23,NYK,5,5,23.6,2.4,6.6,0.364,1.6,5.2,0.308,0.8,1.4,0.571,0.485,0,0.2,0,0.2,1.2,1.4,0.8,1,0,0.4,1.8,6.4
138,Mouhamed Gueye,PF,21,ATL,2,0,2,0,0.5,0,0,0.5,0,0,0,,0,0,0,,0,0,0,0,0.5,0,0,0.5,0
139,Rui Hachimura,PF,25,LAL,3,0,14.7,2.7,6.3,0.421,1,3,0.333,1.7,3.3,0.5,0.5,1.7,2,0.833,1.3,1.7,3,0.3,0.3,0.3,0.3,1.7,8
140,Tyrese Haliburton,PG,23,IND,3,3,31.7,7.3,16,0.458,2.3,7,0.333,5,9,0.556,0.531,3,3.3,0.9,0.7,4.7,5.3,12.3,1,0.7,2.7,1.3,20
141,R.J. Hampton,PG,22,MIA,1,0,2,0,1,0,0,0,,0,1,0,0,0,0,,0,0,0,0,0,0,0,0,0
142,Tim Hardaway Jr.,SF,31,DAL,4,0,28.8,6.8,15,0.45,4,9.3,0.432,2.8,5.8,0.478,0.583,2.8,2.8,1,0.8,3.8,4.5,1.8,0.5,0,1.3,0.8,20.3
143,Jaden Hardy,SG,21,DAL,2,0,12,2.5,6.5,0.385,1.5,3,0.5,1,3.5,0.286,0.5,1,1,1,0,0.5,0.5,1,0,0,0.5,0.5,7.5
144,Gary Harris,SG,29,ORL,4,0,18.5,3.8,6,0.625,2.3,4,0.563,1.5,2,0.75,0.813,0.3,0.8,0.333,1,1.8,2.8,1.5,0.3,0.3,1,0.3,10
145,Joe Harris,SG,32,DET,5,0,12.2,1.2,3,0.4,0.8,2.2,0.364,0.4,0.8,0.5,0.533,0,0,,0.2,0.4,0.6,0.8,0.2,0,0.4,1.4,3.2
146,Tobias Harris,SF,31,PHI,3,3,37,6.7,10,0.667,2,3.7,0.545,4.7,6.3,0.737,0.767,4.3,5.3,0.813,0.3,4.3,4.7,2,1,1.3,2.3,2,19.7
147,Josh Hart,SF,28,NYK,5,1,24.6,2.4,6.6,0.364,1,3.2,0.313,1.4,3.4,0.412,0.439,0.2,0.4,0.5,1.2,5.6,6.8,1.6,0.4,0,1.2,1.8,6
148,Isaiah Hartenstein,C,25,NYK,5,0,17.8,2.4,4.2,0.571,0,0.4,0,2.4,3.8,0.632,0.571,1.6,2.6,0.615,2.6,2.6,5.2,1.4,1.2,0.4,1,2.8,6.4
149,Sam Hauser,SF,26,BOS,4,0,17.3,2.3,5.8,0.391,2,5.3,0.381,0.3,0.5,0.5,0.565,0.5,0.5,1,0.8,2.8,3.5,0.3,0.5,0.5,0.5,2,7
150,Jordan Hawkins,SG,21,NOP,4,2,24.8,3.5,10.3,0.341,2,7,0.286,1.5,3.3,0.462,0.439,0,0.5,0,1.5,2.3,3.8,2.3,1,0,0.8,1.3,9
151,Jaxson Hayes,C,23,LAL,5,0,8.6,0.4,0.4,1,0,0,,0.4,0.4,1,1,0.6,0.8,0.75,0.2,1.6,1.8,0.2,0.2,0.2,0.4,1.6,1.4
152,Killian Hayes,PG,22,DET,5,5,27.2,2.4,8.8,0.273,0.8,3.4,0.235,1.6,5.4,0.296,0.318,0.8,1.4,0.571,0.2,2.2,2.4,3.6,1.8,0.6,1.4,2.6,6.4
153,Gordon Hayward,SF,33,CHO,4,4,32.3,5.5,11.3,0.489,1,2,0.5,4.5,9.3,0.486,0.533,3.3,4.3,0.765,1.5,4.5,6,5.3,1.8,0.8,2.5,2,15.3
154,Scoot Henderson,PG,19,POR,5,5,28.4,3.6,10.4,0.346,0.4,4.2,0.095,3.2,6.2,0.516,0.365,1.2,1.4,0.857,0.6,1.6,2.2,4.6,0.6,0.2,4,4,8.8
155,Taylor Hendricks,PF,20,UTA,1,0,2,0,0,,0,0,,0,0,,,1,2,0.5,0,1,1,0,0,0,0,0,1
156,Tyler Herro,SG,24,MIA,5,5,38.6,9.8,22.2,0.441,3.8,8.8,0.432,6,13.4,0.448,0.527,2.8,3.2,0.875,0.4,4.4,4.8,4.2,1,0,2.2,1.4,26.2
157,Buddy Hield,SF,31,IND,4,0,21.8,4,10.3,0.39,2.5,6.5,0.385,1.5,3.8,0.4,0.512,0,0,,1,2,3,4.5,0.5,0.5,1.3,1,10.5
158,Haywood Highsmith,PF,27,MIA,1,0,22,3,5,0.6,3,4,0.75,0,1,0,0.9,0,0,,0,4,4,2,1,1,1,0,9
159,Aaron Holiday,PG,27,HOU,2,0,8,1,2.5,0.4,1,1.5,0.667,0,1,0,0.6,0,0,,0,0.5,0.5,0.5,0,0,0.5,0.5,3
160,Jrue Holiday,PG,33,BOS,4,4,30.8,5.3,9.8,0.538,1.5,4,0.375,3.8,5.8,0.652,0.615,1,1,1,1.3,5.3,6.5,4,0.3,1.8,1.3,1.5,13
161,Justin Holiday,SG,34,DEN,2,0,4.5,0.5,1,0.5,0.5,1,0.5,0,0,,0.75,0,0,,0,0.5,0.5,0,0,0,0,0,1.5
162,Chet Holmgren,PF,21,OKC,5,5,28.6,5.6,9.4,0.596,2.2,4.2,0.524,3.4,5.2,0.654,0.713,2.4,3,0.8,1.2,6,7.2,2.2,1,2.6,2.2,3.4,15.8
163,Al Horford,C,37,BOS,4,0,19.3,2,5.5,0.364,0.8,2.3,0.333,1.3,3.3,0.385,0.432,0.5,0.5,1,3,3.5,6.5,1.3,0.8,0.5,1.8,1,5.3
164,Talen Horton-Tucker,SG,23,UTA,5,5,23.4,3.6,9.2,0.391,1.2,3.6,0.333,2.4,5.6,0.429,0.457,1,1.4,0.714,0.2,2.2,2.4,5.6,0.8,0.4,1.8,2.6,9.4
165,Danuel House Jr.,SF,30,PHI,2,0,11,1,2.5,0.4,0,1,0,1,1.5,0.667,0.4,0,0,,0.5,1.5,2,1,0.5,0.5,0.5,0.5,2
166,Caleb Houstan,SF,21,ORL,2,0,4.5,1.5,3.5,0.429,1,3,0.333,0.5,0.5,1,0.571,0.5,0.5,1,0,0.5,0.5,0,0,0,0,0,4.5
167,Jett Howard,SF,20,ORL,2,0,4.5,0.5,1,0.5,0,0.5,0,0.5,0.5,1,0.5,0,0,,0,0.5,0.5,0.5,0,0,0,0,1
168,Kevin Huerter,SG,25,SAC,4,4,25.8,2.8,9.3,0.297,1.3,5.5,0.227,1.5,3.8,0.4,0.365,0.8,1,0.75,1,4.8,5.8,2.8,0.3,0.8,0.5,2.3,7.5
169,De'Andre Hunter,SF,26,ATL,5,5,30,6.4,11.6,0.552,2.2,5.4,0.407,4.2,6.2,0.677,0.647,3,3.6,0.833,0.6,4.2,4.8,1.6,1.4,0.2,1.4,3.4,18
170,Bones Hyland,PG,23,LAC,5,2,26.2,5.2,11.2,0.464,2.6,6.2,0.419,2.6,5,0.52,0.58,0.6,0.8,0.75,0,1.2,1.2,2.6,0.8,0,2,2.8,13.6
171,Joe Ingles,SF,36,ORL,4,0,14.5,0.3,1.8,0.143,0,1.3,0,0.3,0.5,0.5,0.143,0,0,,0.3,1.5,1.8,2.5,0.8,0,0.8,2,0.5
172,Brandon Ingram,SF,26,NOP,2,2,34,9,17.5,0.514,0.5,3,0.167,8.5,14.5,0.586,0.529,4,5,0.8,1,6,7,4.5,1.5,0,5,3.5,22.5
173,Kyrie Irving,SG,31,DAL,2,2,35,8,20.5,0.39,1,6,0.167,7,14.5,0.483,0.415,2.5,2.5,1,0.5,4,4.5,6,0.5,0,1,2.5,19.5
174,Jonathan Isaac,PF,26,ORL,3,0,11,1.7,3.7,0.455,0.7,2.3,0.286,1,1.3,0.75,0.545,0.7,1,0.667,0.3,2.7,3,0.3,0.7,0.7,0.7,1.3,4.7
175,Jaden Ivey,SG,21,DET,5,0,20.6,4.4,9.4,0.468,1.6,3.8,0.421,2.8,5.6,0.5,0.553,1.4,1.6,0.875,0.2,1.4,1.6,3,0.8,0.4,1.8,3,11.8
176,Andre Jackson Jr.,SG,22,MIL,2,0,6.5,0.5,1,0.5,0,0.5,0,0.5,0.5,1,0.5,0,0,,0.5,2,2.5,2,1,0,0.5,2,1
177,Gregory Jackson II,PF,19,MEM,1,0,1,0,0,,0,0,,0,0,,,0,0,,0,0,0,0,0,0,0,0,0
178,Isaiah Jackson,C,22,IND,2,0,15,2.5,4.5,0.556,0,0,,2.5,4.5,0.556,0.556,0.5,1,0.5,0.5,3,3.5,0.5,0,2,0.5,1.5,5.5
179,Jaren Jackson Jr.,C,24,MEM,5,5,31,6,14.2,0.423,1.6,5,0.32,4.4,9.2,0.478,0.479,5.2,5.8,0.897,1.6,5.6,7.2,2.6,0.2,2.4,1.4,4,18.8
180,Reggie Jackson,PG,33,DEN,5,0,21,3,6.8,0.441,1,3.2,0.313,2,3.6,0.556,0.515,0,0.2,0,0.2,1.6,1.8,3.8,1,0.4,1.2,1.2,7
181,Trayce Jackson-Davis,PF,23,GSW,2,0,12.5,2.5,4.5,0.556,0,0,,2.5,4.5,0.556,0.556,1.5,2,0.75,3.5,1.5,5,0,0,2,1,1.5,6.5
182,LeBron James,PF,39,LAL,5,5,35.6,9.6,17,0.565,2.2,6.2,0.355,7.4,10.8,0.685,0.629,3.2,5.8,0.552,0.4,8.8,9.2,6.6,1.4,1,4.4,1.4,24.6
183,Jaime Jaquez Jr.,SF,22,MIA,5,2,17.6,2,5.4,0.37,0.6,2.8,0.214,1.4,2.6,0.538,0.426,0,0,,0.6,2,2.6,1.8,1,0.4,1.4,2,4.6
184,DaQuan Jeffries,SG,26,NYK,2,0,3.5,1,1.5,0.667,0.5,1,0.5,0.5,0.5,1,0.833,0,0,,0,0.5,0.5,0,0,0,0,0.5,2.5
185,Ty Jerome,SG,26,CLE,2,0,7.5,1,2,0.5,0,0.5,0,1,1.5,0.667,0.5,0,0,,0.5,0,0.5,1.5,0,0,0.5,1,2
186,Isaiah Joe,SG,24,OKC,5,0,19,2.6,7.6,0.342,2,5.8,0.345,0.6,1.8,0.333,0.474,1.2,1.6,0.75,0.2,2,2.2,1.2,1,0,1,1.4,8.4
187,Cameron Johnson,PF,27,BRK,1,1,26,5,10,0.5,1,4,0.25,4,6,0.667,0.55,1,2,0.5,2,3,5,3,2,0,2,1,12
188,Jalen Johnson,SF,22,ATL,5,2,28.4,5.6,9,0.622,0.8,2.4,0.333,4.8,6.6,0.727,0.667,1.2,2,0.6,1.2,6.6,7.8,2,1.2,0.8,2.4,2.4,13.2
189,Keldon Johnson,SF,24,SAS,4,4,31,6.5,14.5,0.448,2.3,6,0.375,4.3,8.5,0.5,0.526,2,2.8,0.727,1.3,4,5.3,4,0.8,0.3,1.5,3.5,17.3
190,Keyontae Johnson,SF,23,OKC,1,0,6,0,1,0,0,0,,0,1,0,0,0,0,,0,0,0,0,0,0,0,0,0
191,Nikola Jokić,C,28,DEN,5,5,33.2,11,18.2,0.604,1.4,4,0.35,9.6,14.2,0.676,0.643,2.8,4,0.7,2.2,9.6,11.8,7.4,0.4,0.8,4.2,1.8,26.2
192,Colby Jones,SG,21,SAC,3,0,6.3,0.7,1.3,0.5,0,0,,0.7,1.3,0.5,0.5,0,0,,0.3,1,1.3,0.3,0.3,0.3,0,1,1.3
193,Damian Jones,C,28,CLE,4,0,8,0.8,0.8,1,0,0,,0.8,0.8,1,1,0.3,0.5,0.5,0.5,1.3,1.8,0.5,0,0.3,0.5,0.8,1.8
194,Derrick Jones Jr.,SF,26,DAL,4,4,21,4,7.8,0.516,1.8,4.8,0.368,2.3,3,0.75,0.629,1.3,2,0.625,0.3,2.5,2.8,0.5,0,0,0.8,0.8,11
195,Herbert Jones,PF,25,NOP,4,4,29.8,2.8,7,0.393,1.3,3.8,0.333,1.5,3.3,0.462,0.482,1.3,1.8,0.714,0.8,3.8,4.5,1.5,0.8,1.5,1.3,4.3,8
196,Tre Jones,PG,24,SAS,4,0,25.5,3,5.8,0.522,0.8,2.3,0.333,2.3,3.5,0.643,0.587,2.5,2.5,1,1,2.8,3.8,5.3,1,0.3,1.3,0.8,9.3
197,Tyus Jones,PG,27,WAS,4,4,26.3,5,9.8,0.513,1.8,4.8,0.368,3.3,5,0.65,0.603,0,0.3,0,0.8,1.5,2.3,5.8,1.3,0.3,1.3,1,11.8
198,Cory Joseph,PG,32,GSW,2,0,4,0,0.5,0,0,0.5,0,0,0,,0,0,0,,0.5,0.5,1,1,0,0,0,1,0
199,Nikola Jović,PF,20,MIA,2,1,14,2,4,0.5,1.5,2.5,0.6,0.5,1.5,0.333,0.688,1,1,1,0,7.5,7.5,2,0.5,0,1,1,6.5
200,Luke Kennard,SG,27,MEM,2,0,18,0.5,7,0.071,0.5,6.5,0.077,0,0.5,0,0.107,1.5,1.5,1,0.5,1,1.5,2.5,1,0,0.5,0,3
201,Walker Kessler,C,22,UTA,5,5,22.8,3.8,6,0.633,0.2,0.8,0.25,3.6,5.2,0.692,0.65,0.8,1.4,0.571,2.4,4.4,6.8,0.2,0,1,1.2,2.4,8.6
202,Braxton Key,SF,26,DEN,3,0,3,0.3,1.3,0.25,0,0.3,0,0.3,1,0.333,0.25,0,0,,0,0.3,0.3,1,0,0,0,0.7,0.7
203,Corey Kispert,SF,24,WAS,4,0,23.5,4,9,0.444,2.3,6.3,0.36,1.8,2.8,0.636,0.569,0.8,1.3,0.6,0.5,2,2.5,0.8,0,0,1.3,1.3,11
204,Maxi Kleber,PF,32,DAL,4,1,18.8,1,4,0.25,0.8,2.3,0.333,0.3,1.8,0.143,0.344,0.5,0.5,1,1,3.8,4.8,1.5,0.3,0.3,0.5,1.5,3.3
205,John Konchar,SF,27,MEM,4,0,22.3,1.8,3.5,0.5,0.8,2,0.375,1,1.5,0.667,0.607,0,0,,1.8,4.8,6.5,1.5,0.8,1,0.3,1,4.3
206,Furkan Korkmaz,SG,26,PHI,1,0,3,1,1,1,1,1,1,0,0,,1.5,1,2,0.5,0,0,0,0,0,0,0,0,4
207,Luke Kornet,C,28,BOS,3,0,8.3,0.3,0.7,0.5,0,0,,0.3,0.7,0.5,0.5,0,0,,0.7,0.7,1.3,1,0,0.3,0.3,0.3,0.7
208,Jonathan Kuminga,PF,21,GSW,4,0,20.5,4,9,0.444,0.8,2,0.375,3.3,7,0.464,0.486,2.5,3.5,0.714,1,2.5,3.5,0.8,1,0.3,1.8,3.5,11.3
209,Kyle Kuzma,PF,28,WAS,4,4,28,9.5,19.3,0.494,1.5,6.5,0.231,8,12.8,0.627,0.532,2.5,3,0.833,1,6.3,7.3,3,0.3,0.5,0.8,0.8,23
210,Jock Landale,C,28,HOU,2,0,14,1,4.5,0.222,0.5,2.5,0.2,0.5,2,0.25,0.278,1,1,1,1.5,1,2.5,1.5,0.5,0.5,1,1,3.5
211,Jake LaRavia,PF,22,MEM,5,0,12.2,1.4,4,0.35,0.4,2.4,0.167,1,1.6,0.625,0.4,0.2,0.4,0.5,0.6,1,1.6,0.4,0.2,0,0.4,1.6,3.4
212,Zach LaVine,SG,28,CHI,5,5,34.4,7.8,19.4,0.402,3,8.6,0.349,4.8,10.8,0.444,0.479,5.4,6,0.9,0.2,3.8,4,1.2,0.6,0.2,2.4,2.2,24
213,Saben Lee,PG,24,PHO,1,0,4,1,2,0.5,0,1,0,1,1,1,0.5,0,0,,0,0,0,2,0,1,0,0,2
214,Alex Len,C,30,SAC,1,0,2,0,0,,0,0,,0,0,,,0,0,,0,0,0,0,0,0,0,0,0
215,Kawhi Leonard,SF,32,LAC,5,5,33.6,8.6,18.2,0.473,3.4,7.2,0.472,5.2,11,0.473,0.566,2.4,3.6,0.667,1.4,4.8,6.2,4.6,1.8,0.2,2.2,1.6,23
216,Caris LeVert,SG,29,CLE,4,1,34.5,7.3,18.8,0.387,3.3,7.8,0.419,4,11,0.364,0.473,1.8,3.3,0.538,0.5,3.5,4,5,1,0.5,1.5,1.8,19.5
217,Kira Lewis Jr.,PG,22,NOP,4,0,11.8,1.8,4.3,0.412,0.3,2,0.125,1.5,2.3,0.667,0.441,0.8,1,0.75,0.3,0.5,0.8,0.5,0.5,0.3,0.5,0.5,4.5
218,Maxwell Lewis,SF,21,LAL,1,0,1,0,0,,0,0,,0,0,,,0,0,,0,0,0,0,0,0,0,0,0
219,E.J. Liddell,PF,23,NOP,1,0,2,0,1,0,0,1,0,0,0,,0,0,0,,0,2,2,0,0,0,0,0,0
220,Damian Lillard,PG,33,MIL,4,4,33,5.5,13.8,0.4,2.3,7.8,0.29,3.3,6,0.542,0.482,8,8.8,0.914,0.5,4.3,4.8,4.8,0.8,0,3,1.8,21.3
221,Nassir Little,PF,23,PHO,4,0,13.8,1.5,3.5,0.429,0.8,2.5,0.3,0.8,1,0.75,0.536,0.5,0.5,1,0,1.5,1.5,0.3,1.3,0.3,0.5,2,4.3
222,Dereck Lively II,C,19,DAL,4,3,23.5,3.8,4.8,0.789,0,0,,3.8,4.8,0.789,0.789,1,2.3,0.444,3.5,4.3,7.8,1.8,0.8,1,0.8,3,8.5
223,Chris Livingston,SF,20,MIL,1,0,6,2,2,1,1,1,1,1,1,1,1.25,0,0,,0,0,0,1,0,0,0,0,5
224,Kenneth Lofton Jr.,PF,21,MEM,3,0,8.3,1.3,2.7,0.5,0.3,0.3,1,1,2.3,0.429,0.563,1,3,0.333,0.7,1,1.7,1,0.7,0,0.7,2.3,4
225,Kevon Looney,C,27,GSW,5,5,26.2,3,4.8,0.625,0,0,,3,4.8,0.625,0.625,0.8,1,0.8,2.8,7.2,10,3,1.2,0.4,1,2.2,6.8
226,Brook Lopez,C,35,MIL,4,4,23.8,4,8.8,0.457,1.5,4.3,0.353,2.5,4.5,0.556,0.543,1.3,1.3,1,1.8,2,3.8,1,1,0.5,1,1.8,10.8
227,Robin Lopez,C,35,MIL,1,0,6,0,0,,0,0,,0,0,,,2,2,1,0,0,0,1,0,0,1,0,2
228,Kevin Love,PF,35,MIA,3,3,22,2.7,7.3,0.364,2,5,0.4,0.7,2.3,0.286,0.5,1,1.3,0.75,1.3,6.7,8,2.3,0.3,0,1,2.3,8.3
229,Kyle Lowry,PG,37,MIA,5,5,30.8,2.2,5,0.44,1.6,3.8,0.421,0.6,1.2,0.5,0.6,0,0,,0.4,3.8,4.2,4.2,1.4,0.6,1.8,3,6
230,Théo Maledon,PG,22,CHO,4,0,18,1.8,5.8,0.304,0.3,2.3,0.111,1.5,3.5,0.429,0.326,2.3,2.5,0.9,0.3,2.8,3,2,1.3,0,1.3,1.3,6
231,Sandro Mamukelashvili,C,24,SAS,1,0,7,0,0,,0,0,,0,0,,,0,0,,1,1,2,0,1,0,0,1,0
232,Tre Mann,PG,22,OKC,3,0,4,1.7,2.3,0.714,0.3,0.7,0.5,1.3,1.7,0.8,0.786,0.3,0.3,1,0.3,1,1.3,0.7,0,0,0.3,0,4
233,Boban Marjanović,C,35,HOU,1,0,7,2,2,1,0,0,,2,2,1,1,0,0,,0,0,0,1,0,0,0,1,4
234,Lauri Markkanen,PF,26,UTA,5,5,32,8.2,17.2,0.477,4.2,9,0.467,4,8.2,0.488,0.599,3.2,3.4,0.941,2.6,7.4,10,2,0.8,0.6,1.4,2.2,23.8
235,Caleb Martin,SF,28,MIA,1,0,20,1,7,0.143,0,3,0,1,4,0.25,0.143,0,0,,1,2,3,1,1,0,0,1,2
236,KJ Martin,SF,23,LAC,2,0,15.5,2,5,0.4,0.5,2.5,0.2,1.5,2.5,0.6,0.45,0.5,1,0.5,0.5,1,1.5,0.5,1,0.5,1,1.5,5
237,Bennedict Mathurin,SG,21,IND,4,4,21.5,4.8,10.8,0.442,1,4,0.25,3.8,6.8,0.556,0.488,3,3.3,0.923,0.3,2,2.3,1.5,0.5,0,1,1.8,13.5
238,Tyrese Maxey,SG,23,PHI,3,3,38.7,9.3,18.7,0.5,4.7,8.3,0.56,4.7,10.3,0.452,0.625,7,7.7,0.913,0.7,6,6.7,6.3,0.7,0.3,1,1.7,30.3
239,Skylar Mays,PG,26,POR,4,0,7.8,1,2.8,0.364,0.3,1,0.25,0.8,1.8,0.429,0.409,0,0,,0.3,0,0.3,1.3,0.3,0,0.5,0,2.3
240,Miles McBride,PG,23,NYK,3,0,6,1,2.3,0.429,0.3,1.7,0.2,0.7,0.7,1,0.5,0.3,0.7,0.5,0,0.3,0.3,0.3,1,0,0,0.7,2.7
241,CJ McCollum,SG,32,NOP,4,4,34.3,7.3,16.3,0.446,3.8,8.5,0.441,3.5,7.8,0.452,0.562,2.8,4.3,0.647,1,5,6,5.8,1.8,0.5,1,2,21
242,T.J. McConnell,PG,31,IND,3,0,17.7,4.3,6.7,0.65,0,0.3,0,4.3,6.3,0.684,0.65,1.3,1.3,1,1,2.3,3.3,5,1,0,0.3,1,10
243,Jaden McDaniels,SF,23,MIN,2,2,22.5,4,5.5,0.727,1,1.5,0.667,3,4,0.75,0.818,0,0,,1.5,4.5,6,2,0,1.5,2,3.5,9
244,Jalen McDaniels,SF,26,TOR,4,0,10.5,0,2,0,0,2,0,0,0,,0,0,0,,0.3,1,1.3,1,0.5,0.3,0,1,0
245,Doug McDermott,SF,32,SAS,4,0,14.3,2,3.8,0.533,1.5,2.8,0.545,0.5,1,0.5,0.733,0,0,,0,1.3,1.3,1,0.3,0.3,0,1.3,5.5
246,JaVale McGee,C,36,SAC,4,0,13,3,4.8,0.632,0,0,,3,4.8,0.632,0.632,0.3,0.8,0.333,1,1.8,2.8,0.3,0.3,0.8,1,0.3,6.3
247,Jordan McLaughlin,PG,27,MIN,3,0,3.7,0.3,1.3,0.25,0.3,0.7,0.5,0,0.7,0,0.375,0,0,,0,0,0,1.3,0,0.3,0,0.3,1
248,De'Anthony Melton,SG,25,PHI,3,3,29,2.7,8.7,0.308,1,4,0.25,1.7,4.7,0.357,0.365,1.7,1.7,1,0.3,2.7,3,5.3,1.7,0.3,1.3,2,8
249,Sam Merrill,SG,27,CLE,2,0,10,1,3,0.333,1,2.5,0.4,0,0.5,0,0.5,0,0,,0.5,1,1.5,1.5,1,0,0.5,0,3
250,Chimezie Metu,C,26,PHO,1,0,3,1,2,0.5,0,0,,1,2,0.5,0.5,0,0,,0,1,1,1,0,0,0,0,2
251,Vasilije Micić,PG,30,OKC,2,0,10,1,2,0.5,0.5,1.5,0.333,0.5,0.5,1,0.625,0,0,,0,0,0,2,0,0,2,0.5,2.5
252,Khris Middleton,SF,32,MIL,3,3,16.7,2.3,6.3,0.368,0.7,3,0.222,1.7,3.3,0.5,0.421,2,2.7,0.75,0,2.7,2.7,3,1.3,0,2.3,1.3,7.3
253,Brandon Miller,SF,21,CHO,4,0,29.5,5.5,11.8,0.468,2,4.8,0.421,3.5,7,0.5,0.553,2.5,3,0.833,1.8,4,5.8,2,0.3,0.5,1.3,3.8,15.5
254,Jordan Miller,SF,24,LAC,2,0,3.5,1,1.5,0.667,0.5,0.5,1,0.5,1,0.5,0.833,0,0,,0,0,0,0,0,0,0,1,2.5
255,Leonard Miller,SF,20,MIN,1,0,2,0,1,0,0,0,,0,1,0,0,0,0,,0,1,1,0,0,0,0,0,0
256,Shake Milton,SG,27,MIN,4,0,18.3,1.5,5,0.3,0.8,2,0.375,0.8,3,0.25,0.375,0.8,1.3,0.6,0,1.5,1.5,2,1,0,1.5,1.5,4.5
257,Josh Minott,SF,21,MIN,3,0,2.3,0.7,1.3,0.5,0,0.3,0,0.7,1,0.667,0.5,0,0,,0,0,0,0,0,0.3,0,0,1.3
258,Davion Mitchell,PG,25,SAC,4,1,17.5,1.8,4.5,0.389,1,2.8,0.364,0.8,1.8,0.429,0.5,0,0,,0,2,2,2.5,1,0,1.3,2.3,4.5
259,Donovan Mitchell,SG,27,CLE,4,4,35.8,11.5,22.5,0.511,3.5,9.8,0.359,8,12.8,0.627,0.589,5,5.5,0.909,1.5,4,5.5,4.5,2.8,1,3,2.3,31.5
260,Evan Mobley,PF,22,CLE,5,5,33,6.2,13.2,0.47,0.2,0.2,1,6,13,0.462,0.477,2.8,3.8,0.737,2.8,8.2,11,3.4,0.4,2.2,1.6,2.6,15.4
261,Isaiah Mobley,PF,24,CLE,1,0,1,0,0,,0,0,,0,0,,,0,0,,0,1,1,0,0,0,0,1,0
262,Malik Monk,SG,25,SAC,4,0,22.5,4.5,10.5,0.429,2.5,6.3,0.4,2,4.3,0.471,0.548,2.8,3,0.917,1.3,0.8,2,4.5,0,1.3,2.3,1.5,14.3
263,Moses Moody,SG,21,GSW,5,1,18.6,2.8,5.6,0.5,1.4,3.8,0.368,1.4,1.8,0.778,0.625,1,1.4,0.714,0.6,2.4,3,1.2,1.2,0.6,0.4,0.6,8
264,Dejounte Murray,SG,27,ATL,5,5,34.2,8.8,16.4,0.537,1.4,4.2,0.333,7.4,12.2,0.607,0.579,2.8,3.4,0.824,0.4,3.8,4.2,6,1.2,0.6,2.4,0.8,21.8
265,Jamal Murray,PG,26,DEN,5,5,33.4,7.2,15.8,0.456,2.4,5.2,0.462,4.8,10.6,0.453,0.532,2,2.6,0.769,0.6,2.2,2.8,7.8,0.2,1,2.8,1.8,18.8
266,Keegan Murray,SF,23,SAC,4,4,35.5,5.3,14.5,0.362,2.5,9,0.278,2.8,5.5,0.5,0.448,1.5,2,0.75,2.5,4.8,7.3,2.5,1.8,1,1.3,3,14.5
267,Kris Murray,SF,23,POR,2,0,5.5,0,0.5,0,0,0.5,0,0,0,,0,0,0,,0,0.5,0.5,0,0.5,0,0,0.5,0
268,Mike Muscala,C,32,WAS,3,1,13.7,1,2.7,0.375,0.3,1.3,0.25,0.7,1.3,0.5,0.438,0.7,0.7,1,0.3,3,3.3,1,0.3,0.3,0.7,1.7,3
269,Svi Mykhailiuk,SF,26,BOS,2,0,8,1.5,4,0.375,1,3,0.333,0.5,1,0.5,0.5,0,0,,0,1.5,1.5,0.5,0.5,0,0,0,4
270,Larry Nance Jr.,C,31,NOP,4,0,18,1.8,2.5,0.7,0.5,0.5,1,1.3,2,0.625,0.8,0,0.5,0,1.5,5,6.5,1,0.8,0.3,1.3,1.8,4
271,Andrew Nembhard,SG,24,IND,4,1,22,4.3,9.5,0.447,0.3,3.5,0.071,4,6,0.667,0.461,0.3,0.5,0.5,0.3,2,2.3,4.3,1,0,2,3,9
272,Aaron Nesmith,SF,24,IND,4,0,24.8,4.3,8.5,0.5,2,5.5,0.364,2.3,3,0.75,0.618,1.3,1.8,0.714,1.5,3.3,4.8,1.3,0,0.8,0.3,3.5,11.8
273,Georges Niang,PF,30,CLE,5,1,22.4,1.8,7.4,0.243,1,4.8,0.208,0.8,2.6,0.308,0.311,0.4,0.4,1,0.6,3.8,4.4,1.2,0.2,0.2,0.6,3,5
274,Daishen Nix,PG,21,MIN,1,0,1,0,0,,0,0,,0,0,,,0,0,,0,0,0,0,0,0,0,0,0
275,Zeke Nnaji,PF,23,DEN,5,0,14,2,3.8,0.526,0.2,0.8,0.25,1.8,3,0.6,0.553,1,1.4,0.714,0.8,1.6,2.4,0.4,0.4,0.8,0.4,1.6,5.2
276,Jusuf Nurkić,C,29,PHO,4,4,27.3,3.3,7.8,0.419,0.8,2.8,0.273,2.5,5,0.5,0.468,2.8,3.3,0.846,2,8.5,10.5,4,1.5,1,1.8,4.3,10
277,Jordan Nwora,SF,25,IND,2,0,13.5,2,7.5,0.267,0.5,3,0.167,1.5,4.5,0.333,0.3,0.5,0.5,1,0.5,0.5,1,2,0,0.5,1.5,1,5
278,Royce O'Neale,SF,30,BRK,4,1,31.8,2.8,7.3,0.379,2,5.5,0.364,0.8,1.8,0.429,0.517,0,0,,0.5,6,6.5,2.5,0.8,0.8,1.8,3,7.5
279,Chuma Okeke,SF,25,ORL,2,0,4.5,0.5,1,0.5,0,0.5,0,0.5,0.5,1,0.5,0,0,,0.5,1.5,2,0,0,0,0.5,0,1
280,Josh Okogie,SG,25,PHO,4,4,29.3,3.8,7,0.536,1,2.8,0.364,2.8,4.3,0.647,0.607,2.8,3,0.917,2.3,1.8,4,1.5,0.3,0.8,1.3,2,11.3
281,Onyeka Okongwu,C,23,ATL,5,0,22.8,4,5.8,0.69,0,0.6,0,4,5.2,0.769,0.69,2.6,2.6,1,2.4,3.8,6.2,2,0.4,0.4,0.6,3.4,10.6
282,Isaac Okoro,SF,23,CLE,5,5,30,3.8,8,0.475,1,2.8,0.357,2.8,5.2,0.538,0.538,1.8,2.6,0.692,2.4,3.2,5.6,2.2,1,0.6,1,3.8,10.4
283,Kelly Olynyk,C,32,UTA,5,0,20.6,3.2,4.6,0.696,1,1.8,0.556,2.2,2.8,0.786,0.804,1.8,2.2,0.818,2.6,3,5.6,4,1.2,0.2,1.8,2.6,9.2
284,Eugene Omoruyi,SF,26,WAS,3,0,9.3,3.3,4.7,0.714,0.3,0.7,0.5,3,4,0.75,0.75,1.3,2,0.667,1.3,2,3.3,0.7,0.3,0.3,0.7,0.3,8.3
285,Cedi Osman,SF,28,SAS,4,0,20.3,4.5,7.8,0.581,2.3,4.5,0.5,2.3,3.3,0.692,0.726,0.5,0.8,0.667,0,1.3,1.3,1.3,0.5,0.5,0.8,1,11.8
286,Kelly Oubre Jr.,SF,28,PHI,3,0,29.3,6.3,12.7,0.5,1.7,5.3,0.313,4.7,7.3,0.636,0.566,4.7,5,0.933,1.3,2.7,4,0.7,2,0.3,1.3,2.7,19
287,Chris Paul,PG,38,GSW,5,2,29.6,3.8,10,0.38,0.2,3.8,0.053,3.6,6.2,0.581,0.39,1.6,1.8,0.889,0.4,4.2,4.6,8.2,1.6,0,1.2,1,9.4
288,Cameron Payne,PG,29,MIL,4,0,13.8,2.3,4,0.563,1.3,2.5,0.5,1,1.5,0.667,0.719,0,0,,0.3,0.8,1,0.5,0.3,0,0.8,2.3,5.8
289,Gary Payton II,SG,31,GSW,5,0,20,2.8,6.2,0.452,1.2,3,0.4,1.6,3.2,0.5,0.548,0.6,0.8,0.75,0.4,2,2.4,1.2,1.8,0.4,0.6,1.8,7.4
290,Filip Petrušev,C,23,PHI,1,0,3,0,0,,0,0,,0,0,,,0,0,,0,1,1,0,0,0,0,0,0
291,Julian Phillips,SF,20,CHI,2,0,2.5,0,0,,0,0,,0,0,,,0,0,,0,0,0,0,0,0,0,0,0
292,Jalen Pickett,SG,24,DEN,2,0,3,1,1.5,0.667,0,0.5,0,1,1,1,0.667,0,0,,0,1,1,0,0,0,0,0.5,2
293,Mason Plumlee,C,33,LAC,5,0,18.2,2.2,3.6,0.611,0,0,,2.2,3.6,0.611,0.611,1.2,2.8,0.429,1.6,4.6,6.2,1,0.6,0.2,0.8,1.2,5.6
294,Brandin Podziemski,SG,20,GSW,1,0,23,2,5,0.4,0,1,0,2,4,0.5,0.4,1,2,0.5,1,7,8,2,0,0,2,4,5
295,Jakob Poeltl,C,28,TOR,5,5,25,4.4,6.2,0.71,0,0,,4.4,6.2,0.71,0.71,1,2,0.5,2.6,6.4,9,1.4,0.2,1.2,1.8,3.2,9.8
296,Aleksej Pokusevski,PF,22,OKC,3,0,6,0,1.3,0,0,1.3,0,0,0,,0,0.3,0.7,0.5,0,1,1,0,0,0.3,1,1,0.3
297,Jordan Poole,SG,24,WAS,4,4,27,6.3,16.3,0.385,1.8,7.3,0.241,4.5,9,0.5,0.438,3,3.8,0.8,0.5,1.8,2.3,2.5,1.5,0.8,3.3,1.8,17.3
298,Craig Porter Jr.,PG,23,CLE,3,0,12.3,2,4.3,0.462,0,0.3,0,2,4,0.5,0.462,0.7,0.7,1,0.3,1.3,1.7,1,1,0.3,1,2,4.7
299,Michael Porter Jr.,SF,25,DEN,5,5,25.4,4.2,10.6,0.396,2,6.4,0.313,2.2,4.2,0.524,0.491,0.4,0.4,1,1.6,6.4,8,2,0.6,0.4,0.6,2.2,10.8
300,Otto Porter Jr.,SF,30,TOR,1,0,16,2,4,0.5,2,4,0.5,0,0,,0.75,0,0,,2,1,3,1,0,1,0,3,6
301,Bobby Portis,PF,28,MIL,4,0,19.3,4.8,8.5,0.559,0,1.3,0,4.8,7.3,0.655,0.559,2.5,4.3,0.588,1.5,4.5,6,1.8,1,0.5,1,2.3,12
302,Kristaps Porziņģis,PF,28,BOS,4,4,29.8,6,10.8,0.558,2.3,5,0.45,3.8,5.8,0.652,0.663,4.5,5,0.9,1.3,6,7.3,1.5,0.8,1.5,1.5,3.8,18.8
303,Dwight Powell,C,32,DAL,3,0,12,1.3,1.3,1,0.3,0.3,1,1,1,1,1.125,2.3,2.7,0.875,1.7,1,2.7,0.3,0.3,1.3,0.3,0.7,5.3
304,Norman Powell,SG,30,LAC,5,0,26.2,5,9.8,0.51,1.6,4.6,0.348,3.4,5.2,0.654,0.592,2.4,3,0.8,0.2,2.6,2.8,1.8,0.6,0.4,1.2,2.6,14
305,Taurean Prince,PF,29,LAL,5,4,23.2,2.8,6.8,0.412,1.8,4.4,0.409,1,2.4,0.417,0.544,1,1.2,0.833,0.2,1,1.2,0.8,0.2,0.6,0.4,1.8,8.4
306,Payton Pritchard,PG,26,BOS,4,0,18.8,2,5.8,0.348,0.8,3.3,0.231,1.3,2.5,0.5,0.413,0.8,0.8,1,0.5,2.5,3,4.3,0.3,0,1,2,5.5
307,Immanuel Quickley,SG,24,NYK,5,0,24.6,5.6,12.2,0.459,1.8,5.6,0.321,3.8,6.6,0.576,0.533,3.2,3.8,0.842,0.8,3.6,4.4,3.4,0.6,0,2.2,1.6,16.2
308,Lester Quinones,SG,23,GSW,1,0,5,2,3,0.667,1,2,0.5,1,1,1,0.833,0,0,,0,0,0,0,0,0,1,0,5
309,Julius Randle,PF,29,NYK,5,5,33.8,4.2,15.2,0.276,1.6,6.2,0.258,2.6,9,0.289,0.329,3.2,5,0.64,1.8,8.4,10.2,5.2,0.8,0,3,2.6,13.2
310,Austin Reaves,SG,25,LAL,5,5,31.2,3.8,11,0.345,0.8,3.8,0.211,3,7.2,0.417,0.382,2.6,3.2,0.813,1.4,3,4.4,3.4,1.4,0.2,2.8,2.6,11
311,Cam Reddish,SF,24,LAL,5,1,17,1.2,3.8,0.316,0.4,2.4,0.167,0.8,1.4,0.571,0.368,1,1.2,0.833,0.4,2,2.4,1.2,0.8,0.4,0.4,1.8,3.8
312,Paul Reed,C,24,PHI,3,0,13.7,1.3,3.7,0.364,0,1,0,1.3,2.7,0.5,0.364,0.3,0.7,0.5,1.3,3.3,4.7,1,0.3,0.7,1.3,3.3,3
313,Naz Reid,C,24,MIN,4,0,23.8,6,10.8,0.558,2,4.8,0.421,4,6,0.667,0.651,2,2,1,0.8,3.8,4.5,0.8,0.8,0,0.8,1,16
314,Jared Rhoden,SG,24,DET,1,0,2,0,0,,0,0,,0,0,,,0,0,,0,1,1,0,0,0,0,0,0
315,Nick Richards,C,26,CHO,4,0,16.5,1.5,2.5,0.6,0,0,,1.5,2.5,0.6,0.6,2.3,3,0.75,1.5,2.5,4,0.5,0.5,2.3,1.5,3,5.3
316,Josh Richardson,SG,30,MIA,2,0,26.5,2,8,0.25,0.5,3.5,0.143,1.5,4.5,0.333,0.281,0.5,1,0.5,0,3,3,2.5,0.5,0,0,2.5,5
317,Duncan Robinson,SF,29,MIA,5,0,23.8,4,9.4,0.426,2.4,6.8,0.353,1.6,2.6,0.615,0.553,0,0,,0.6,1.4,2,1,0.2,0,0.4,2.6,10.4
318,Jerome Robinson,SG,26,GSW,1,0,5,0,2,0,0,0,,0,2,0,0,0,0,,1,1,2,0,0,0,0,0,0
319,Mitchell Robinson,C,25,NYK,5,5,28.6,2.4,5,0.48,0,0,,2.4,5,0.48,0.48,1.4,2.8,0.5,6,5.4,11.4,0.4,1.6,1.6,0.6,1.8,6.2
320,Orlando Robinson,C,23,MIA,2,0,15,2,4.5,0.444,0.5,0.5,1,1.5,4,0.375,0.5,1,1,1,1,3,4,3.5,0.5,0.5,1.5,2,5.5
321,David Roddy,PF,22,MEM,5,0,24,3.4,7,0.486,1,2.6,0.385,2.4,4.4,0.545,0.557,0.4,0.6,0.667,0.6,3.6,4.2,1.8,0.2,0.6,1,2.2,8.2
322,Ryan Rollins,PG,21,WAS,3,0,8.3,0.7,2.3,0.286,0,0,,0.7,2.3,0.286,0.286,3.3,4,0.833,0.3,1,1.3,1.7,1.3,0.3,0.7,1,4.7
323,Derrick Rose,PG,35,MEM,4,0,17.8,3,9.3,0.324,1.3,2.5,0.5,1.8,6.8,0.259,0.392,0.8,1,0.75,1,1,2,2.8,0.5,0.3,1.5,0.8,8
324,Terry Rozier,SG,29,CHO,4,4,37,8.8,19,0.461,1.3,6.5,0.192,7.5,12.5,0.6,0.493,3.3,4.3,0.765,1,2.5,3.5,5.5,0.8,0.3,2.8,1,22
325,Rayan Rupert,SG,19,POR,2,0,3,0,0.5,0,0,0.5,0,0,0,,0,0,0,,0,0,0,0,0,0,0,0,0
326,D'Angelo Russell,PG,27,LAL,5,5,36.4,7,14.8,0.473,2,6,0.333,5,8.8,0.568,0.541,3.4,3.8,0.895,0,3,3,7,0.8,0.4,2.4,3,19.4
327,Matt Ryan,SF,26,NOP,4,0,21.5,2.5,7.3,0.345,2,6.5,0.308,0.5,0.8,0.667,0.483,0.3,0.3,1,0.3,2,2.3,1.5,0.5,0.3,0.8,2.3,7.3
328,Domantas Sabonis,C,27,SAC,4,4,34.8,7,13.3,0.528,0.5,1.5,0.333,6.5,11.8,0.553,0.547,4.5,7,0.643,3.5,10.5,14,6.3,1.3,0.5,2.3,3,19
329,Luka Šamanić,PF,24,UTA,2,0,4,1.5,3,0.5,0.5,1,0.5,1,2,0.5,0.583,0,0,,0,0.5,0.5,0,0.5,0,0,0,3.5
330,Jermaine Samuels,SF,25,HOU,1,0,6,0,0,,0,0,,0,0,,,0,0,,0,0,0,0,0,0,0,1,0
331,Dario Šarić,PF,29,GSW,5,0,19.2,2.8,7.6,0.368,1.4,3.8,0.368,1.4,3.8,0.368,0.461,0.4,0.8,0.5,2.4,4.6,7,2.2,0.2,0.8,1.2,2,7.4
332,Olivier Sarr,C,24,OKC,4,0,11,0.3,0.3,1,0,0,,0.3,0.3,1,1,1,1.5,0.667,0.8,3.8,4.5,0.3,0,1.3,0.5,1.5,1.5
333,Marcus Sasser,PG,23,DET,5,0,12.2,2,3.4,0.588,0.8,1.6,0.5,1.2,1.8,0.667,0.706,0,0,,0.2,2,2.2,2.2,1,0.2,0.4,1,4.8
334,Dennis Schröder,PG,30,TOR,5,5,32.8,5.8,13,0.446,2.6,5.2,0.5,3.2,7.8,0.41,0.546,2,2.4,0.833,1,1.8,2.8,9.2,0.8,0,1.6,1.2,16.2
335,Alperen Şengün,C,21,HOU,4,4,32.5,8.3,14,0.589,0.8,1.8,0.429,7.5,12.3,0.612,0.616,2,3.8,0.533,3.3,5.3,8.5,6,0.8,0.3,2,3.5,19.3
336,Brice Sensabaugh,SF,20,UTA,1,0,2,0,2,0,0,0,,0,2,0,0,0,0,,1,1,2,0,0,0,0,0,0
337,Collin Sexton,PG,25,UTA,5,0,20.4,4.8,9.8,0.49,1.2,3,0.4,3.6,6.8,0.529,0.551,3.4,4,0.85,0.4,1.4,1.8,2.4,0,0,1.6,2,14.2
338,Landry Shamet,SG,26,WAS,1,0,12,3,5,0.6,2,4,0.5,1,1,1,0.8,0,0,,0,1,1,2,1,0,0,3,8
339,Day'Ron Sharpe,C,22,BRK,4,0,9.5,2.5,4,0.625,0,0,,2.5,4,0.625,0.625,0.5,1.3,0.4,2,3.3,5.3,0.5,0.5,0.8,1.5,2,5.5
340,Shaedon Sharpe,SG,20,POR,5,4,37.2,7,15.2,0.461,2.4,6.4,0.375,4.6,8.8,0.523,0.539,3.8,4.4,0.864,2.6,3,5.6,3,1,0.8,2.4,2.4,20.2
341,Ben Sheppard,SG,22,IND,2,0,10,1,2.5,0.4,1,2,0.5,0,0.5,0,0.6,0,0,,0.5,0.5,1,1,0,0,0,1.5,3
342,Pascal Siakam,PF,29,TOR,5,5,36,6.6,14.8,0.446,2.2,5.8,0.379,4.4,9,0.489,0.52,2.6,3.4,0.765,0.6,6.2,6.8,4.4,0.4,0.2,2,2.8,18
343,Ben Simmons,PG,27,BRK,4,4,31.3,3.5,6.3,0.56,0,0,,3.5,6.3,0.56,0.56,0.3,1,0.25,2.5,7.8,10.3,7.5,0.5,1.3,2.5,2.5,7.3
344,Anfernee Simons,SG,24,POR,1,1,27,6,14,0.429,2,6,0.333,4,8,0.5,0.5,4,4,1,1,1,2,4,2,0,0,2,18
345,Jericho Sims,C,25,NYK,2,0,3.5,0,0.5,0,0,0,,0,0.5,0,0,0,0,,0.5,1.5,2,0.5,0,0,0,0,0
346,Marcus Smart,PG,29,MEM,5,5,31.8,6,12,0.5,2.4,7,0.343,3.6,5,0.72,0.6,1.6,2.2,0.727,0.4,2.2,2.6,5.8,3.2,0.4,4,3.4,16
347,Dennis Smith Jr.,PG,26,BRK,3,0,12.7,1.7,4,0.417,0.7,1.3,0.5,1,2.7,0.375,0.5,0.3,0.7,0.5,1,2,3,1.3,0.3,0,1,2.3,4.3
348,Dru Smith,SG,26,MIA,3,0,18,2,4,0.5,1.3,2,0.667,0.7,2,0.333,0.667,0,0,,0.3,0.7,1,2.7,1.3,0.3,0.7,1.3,5.3
349,Jabari Smith Jr.,PF,20,HOU,4,4,32,5.3,11.8,0.447,1.8,5.8,0.304,3.5,6,0.583,0.521,0.5,1.5,0.333,1.8,5.3,7,2.5,1,0.3,1.5,4,12.8
350,Jalen Smith,C,23,IND,3,0,16,4.7,6.7,0.7,1.3,2.3,0.571,3.3,4.3,0.769,0.8,0.7,1,0.667,1.7,3.7,5.3,1,0.7,0.3,0.7,3,11.3
351,Nick Smith Jr.,SG,19,CHO,1,0,1,0,0,,0,0,,0,0,,,0,0,,0,0,0,0,0,0,0,0,0
352,Jeremy Sochan,PF,20,SAS,4,4,27,3,7.8,0.387,0.5,2,0.25,2.5,5.8,0.435,0.419,2.3,3.3,0.692,1.8,4.3,6,4.3,1,0.3,2.3,3.8,8.8
353,Jaden Springer,SG,21,PHI,2,0,6,0.5,2,0.25,0,0.5,0,0.5,1.5,0.333,0.25,0,0,,0.5,0.5,1,1,0,1.5,0.5,2.5,1
354,Lamar Stevens,PF,26,BOS,2,0,6,2,3,0.667,0.5,0.5,1,1.5,2.5,0.6,0.75,0,0,,2,0,2,1,0,0,1.5,1.5,4.5
355,Isaiah Stewart,C,22,DET,5,5,33.8,5.4,10.6,0.509,1.6,3.6,0.444,3.8,7,0.543,0.585,1,1.4,0.714,2.2,6.4,8.6,1.6,0.2,0.2,2.2,3.4,13.4
356,Julian Strawther,SF,21,DEN,4,0,8.8,1.8,4.5,0.389,0.8,2.8,0.273,1,1.8,0.571,0.472,0,0.3,0,0,0.8,0.8,0.3,0.3,0.5,0,0.5,4.3
357,Max Strus,SF,27,CLE,5,5,37.2,4.8,13.8,0.348,2.8,9,0.311,2,4.8,0.417,0.449,1.8,2,0.9,0.2,6.8,7,3.8,0.6,0.8,1.6,2.4,14.2
358,Jalen Suggs,SG,22,ORL,4,4,26.5,4,9.8,0.41,1.5,5,0.3,2.5,4.8,0.526,0.487,1.8,1.8,1,1.5,4.3,5.8,1.8,1.5,0.8,1,3,11.3
359,Cole Swider,SF,24,MIA,1,0,2,2,3,0.667,1,2,0.5,1,1,1,0.833,0,0,,0,1,1,0,0,0,0,0,5
360,Jae'Sean Tate,SF,28,HOU,4,0,17.5,1.5,3.8,0.4,0.5,1.5,0.333,1,2.3,0.444,0.467,1,1.3,0.8,0.8,3.3,4,1.5,1.5,0.8,0.5,2,4.5
361,Jayson Tatum,SF,25,BOS,4,4,33.5,11.3,20,0.563,3.3,8,0.406,8,12,0.667,0.644,4,5,0.8,0.5,8.8,9.3,4,0.8,0.3,2.5,2.5,29.8
362,Terry Taylor,PF,24,CHI,1,0,1,0,0,,0,0,,0,0,,,0,0,,0,0,0,0,0,0,0,0,0
363,Garrett Temple,SG,37,TOR,1,0,3,0,0,,0,0,,0,0,,,2,2,1,0,0,0,0,0,0,0,0,2
364,Dalen Terry,SG,21,CHI,2,0,2.5,0.5,1.5,0.333,0.5,1,0.5,0,0.5,0,0.5,0,0,,0,1,1,0.5,0,0,0,0,1.5
365,Cam Thomas,SG,22,BRK,4,3,32.8,9.8,19,0.513,1.5,5,0.3,8.3,14,0.589,0.553,7,8.5,0.824,0,3.5,3.5,1.8,1.3,0.5,1.8,2,28
366,Amen Thompson,SF,21,HOU,4,0,16.8,2.3,5.5,0.409,0.5,2.8,0.182,1.8,2.8,0.636,0.455,1.3,2,0.625,0.3,2.5,2.8,1.5,0.5,0.3,1.5,2.3,6.3
367,Ausar Thompson,SF,21,DET,5,5,29.6,4,10.2,0.392,0.2,2,0.1,3.8,8.2,0.463,0.402,1.8,2.4,0.75,4,5.8,9.8,3.8,0.8,2,2.4,3.6,10
368,Klay Thompson,SF,33,GSW,4,4,32,6.5,14.3,0.456,2.8,7.3,0.379,3.8,7,0.536,0.553,0.8,0.8,1,0.8,3.3,4,2.3,0.3,1.3,2.3,3.3,16.5
369,Tristan Thompson,PF,32,CLE,3,0,13.3,2,2.7,0.75,0,0,,2,2.7,0.75,0.75,0.7,0.7,1,2.3,1.7,4,1,0,0.7,1.3,1,4.7
370,JT Thor,PF,21,CHO,4,0,19.3,2,5,0.4,0.8,2.8,0.273,1.3,2.3,0.556,0.475,0,0,,0.5,2.8,3.3,1,1,0.5,0.5,1,4.8
371,Matisse Thybulle,SG,26,POR,5,5,16.8,1.4,3.6,0.389,1,3.2,0.313,0.4,0.4,1,0.528,0,0,,0.2,0.6,0.8,0.8,0.6,0.2,0.4,1,3.8
372,Xavier Tillman Sr.,C,25,MEM,5,5,26.8,3.6,9.8,0.367,0.8,3,0.267,2.8,6.8,0.412,0.408,0.8,1.8,0.444,2.4,5.2,7.6,2,1.8,0.8,1.6,2.8,8.8
373,Obi Toppin,PF,25,IND,4,4,21.5,3.3,6.3,0.52,0.5,2.3,0.222,2.8,4,0.688,0.56,1,1.3,0.8,1.8,2.8,4.5,0.5,1,0.3,0.5,0.8,8
374,Karl-Anthony Towns,PF,28,MIN,4,4,33.5,6.8,18.3,0.37,1.3,5.3,0.238,5.5,13,0.423,0.404,2.3,2.5,0.9,1.5,8,9.5,3,1,1,1.5,2.3,17
375,Gary Trent Jr.,SG,25,TOR,5,1,27.6,3.8,11.4,0.333,1.4,5,0.28,2.4,6.4,0.375,0.395,0.8,2.2,0.364,0.8,1.8,2.6,1.2,1,0.2,0.6,1.6,9.8
376,P.J. Tucker,PF-SF,38,TOT,4,3,21.8,0.5,1.5,0.333,0.5,1.3,0.4,0,0.3,0,0.5,0,0,,1.5,3.3,4.8,0,0.8,0.5,0.5,3.3,1.5
376,P.J. Tucker,PF,38,PHI,3,3,22,0.7,1.7,0.4,0.7,1.7,0.4,0,0,,0.6,0,0,,0.3,4.3,4.7,0,1,0.7,0.7,3,2
376,P.J. Tucker,SF,38,LAC,1,0,21,0,1,0,0,0,,0,1,0,0,0,0,,5,0,5,0,0,0,0,4,0
377,Myles Turner,C,27,IND,4,4,26.5,5.5,12,0.458,1,4.5,0.222,4.5,7.5,0.6,0.5,2.8,3.8,0.733,1,8,9,2,0.3,2,1.5,3,14.8
378,Hunter Tyson,PF,23,DEN,2,0,4,0.5,1,0.5,0,0.5,0,0.5,0.5,1,0.5,0,0,,0,1,1,0,0,0,0,1.5,1
379,Stanley Umude,SG,24,DET,3,0,5,0,0.3,0,0,0,,0,0.3,0,0,0,0,,0,0.7,0.7,0,0.3,0,0,1,0
380,Jonas Valančiūnas,C,31,NOP,4,4,23.5,4.3,8.8,0.486,1,2.8,0.364,3.3,6,0.542,0.543,3,3.3,0.923,1.3,6.5,7.8,1.5,0.3,1,1.8,2,12.5
381,Fred VanVleet,PG,29,HOU,4,4,37.3,6.3,15.8,0.397,3.3,8.3,0.394,3,7.5,0.4,0.5,1.3,1.5,0.833,0,3,3,8,0.8,0,2,2,17
382,Devin Vassell,SG,23,SAS,4,4,34.8,7.3,14.3,0.509,2,6,0.333,5.3,8.3,0.636,0.579,3.5,4.8,0.737,0.5,3.3,3.8,2.5,1.5,0,2,1,20
383,Sasha Vezenkov,PF,28,SAC,4,0,16,3,7,0.429,1.5,4.5,0.333,1.5,2.5,0.6,0.536,0.3,0.3,1,0.3,2.8,3,0.3,0.5,0.3,0.3,0.8,7.8
384,Gabe Vincent,PG,27,LAL,4,0,28.3,2.8,7,0.393,0.3,3.5,0.071,2.5,3.5,0.714,0.411,0.3,0.5,0.5,0.5,0.5,1,3,1.5,0,0.5,2.5,6
385,Nikola Vučević,C,33,CHI,5,5,35,6.8,14,0.486,0.6,2.6,0.231,6.2,11.4,0.544,0.507,1.6,2.2,0.727,2.8,9.6,12.4,2,1.2,0.6,2.4,2.8,15.8
386,Dean Wade,PF,27,CLE,4,3,24.8,1.8,4.8,0.368,1.5,4.3,0.353,0.3,0.5,0.5,0.526,0,0,,0.8,2.8,3.5,1,0.5,0.3,0.5,2,5
387,Franz Wagner,SF,22,ORL,4,4,33,5.5,14.5,0.379,2.5,7.5,0.333,3,7,0.429,0.466,4.5,4.8,0.947,1.5,4.8,6.3,3,1,0.5,2.8,2.8,18
388,Moritz Wagner,C,26,ORL,4,0,15.8,3.5,5.3,0.667,0.3,1.3,0.2,3.3,4,0.813,0.69,2,2.8,0.727,1.3,2.5,3.8,0.5,0.5,0.8,1.5,2.5,9.3
389,Jabari Walker,SF,21,POR,5,0,13.2,2,4,0.5,0.4,1,0.4,1.6,3,0.533,0.55,2,2.4,0.833,1,2.4,3.4,0.2,0.8,0.4,1.2,1.8,6.4
390,Jarace Walker,PF,20,IND,2,0,9,2,5.5,0.364,0,1,0,2,4.5,0.444,0.364,0,0,,0.5,2.5,3,1.5,0.5,0.5,0,1,4
391,Lonnie Walker IV,SG,25,BRK,3,0,25,5,10.3,0.484,2.7,5.7,0.471,2.3,4.7,0.5,0.613,4,5.7,0.706,0.3,2.7,3,3.3,1.3,0.7,1.7,1.7,16.7
392,Cason Wallace,SG,20,OKC,5,0,20,2.6,3.2,0.813,1,1.2,0.833,1.6,2,0.8,0.969,1.2,1.2,1,0.4,2.2,2.6,1,0.2,0.4,0.4,2,7.4
393,P.J. Washington,PF,25,CHO,4,4,32.8,8.3,14.5,0.569,2,5,0.4,6.3,9.5,0.658,0.638,0.5,1,0.5,1.3,4.5,5.8,1.8,0.5,0.3,1.3,4,19
394,TyTy Washington Jr.,PG,22,MIL,1,0,3,1,2,0.5,1,1,1,0,1,0,0.75,0,0,,0,0,0,0,0,0,1,0,3
395,Yuta Watanabe,SF,29,PHO,4,0,18.3,2.5,5.5,0.455,1.8,4,0.438,0.8,1.5,0.5,0.614,0.5,0.5,1,0.5,2.5,3,0.5,0.8,0.5,1,1.8,7.3
396,Lindy Waters III,SG,26,OKC,3,0,1.3,0,0.3,0,0,0.3,0,0,0,,0,0,0,,0,0,0,0,0,0,0,0,0
397,Trendon Watford,PF,23,BRK,1,0,14,4,6,0.667,1,2,0.5,3,4,0.75,0.75,2,2,1,1,3,4,4,1,0,1,2,11
398,Peyton Watson,SG,21,DEN,5,0,16.2,3.2,5,0.64,0.8,2.2,0.364,2.4,2.8,0.857,0.72,0.4,0.8,0.5,0.2,2,2.2,0.4,0.4,1.2,0.8,1.4,7.6
399,Victor Wembanyama,PF,20,SAS,4,4,27.3,5.8,12.5,0.46,1.3,4.8,0.263,4.5,7.8,0.581,0.51,3.5,5,0.7,2.3,5.3,7.5,1.5,1.5,2.3,4.8,2.8,16.3
400,Blake Wesley,SG,20,SAS,1,0,7,0,1,0,0,1,0,0,0,,0,1,2,0.5,0,0,0,1,0,1,1,0,1
401,Russell Westbrook,PG,35,LAC,5,5,33.8,6.4,12.4,0.516,1.4,3.6,0.389,5,8.8,0.568,0.573,1,2,0.5,1.6,6.2,7.8,7,2.2,0.6,3.8,3.8,15.2
402,Coby White,SG,23,CHI,5,5,31.4,3.2,10.2,0.314,1.2,5.2,0.231,2,5,0.4,0.373,2.2,2.6,0.846,0.2,2.8,3,4,0.4,0,1.6,2.6,9.8
403,Derrick White,SG,29,BOS,4,4,29.8,5.5,8.5,0.647,2.8,4.8,0.579,2.8,3.8,0.733,0.809,2,2.5,0.8,1.3,2.8,4,4.3,1.3,1.3,1.8,2,15.8
404,Cam Whitmore,SF,19,HOU,1,0,10,0,4,0,0,2,0,0,2,0,0,0,0,,0,1,1,0,0,0,1,0,0
405,Aaron Wiggins,SG,25,OKC,4,0,11.5,1.8,2.8,0.636,0,0.8,0,1.8,2,0.875,0.636,0.8,1,0.75,0.3,1.5,1.8,0.8,0,0.3,1,1.8,4.3
406,Andrew Wiggins,SF,28,GSW,5,5,25.6,4.6,10.6,0.434,0.4,2.4,0.167,4.2,8.2,0.512,0.453,1.8,2.8,0.643,0.6,1.6,2.2,0.6,0,0.6,1.6,2.6,11.4
407,Grant Williams,PF,25,DAL,4,4,31.5,4.8,8.8,0.543,4,7.3,0.552,0.8,1.5,0.5,0.771,2,2.8,0.727,1,4,5,0.8,0.3,0.3,1.5,2.8,15.5
408,Jalen Williams,SG,22,OKC,5,5,32.8,5.6,12.2,0.459,1,3.4,0.294,4.6,8.8,0.523,0.5,3.8,4,0.95,0.2,5,5.2,4.2,0.6,0.4,1.8,2.4,16
409,Jeenathan Williams,SG,24,HOU,1,0,5,2,3,0.667,0,1,0,2,2,1,0.667,0,0,,0,0,0,0,0,0,0,0,4
410,Mark Williams,C,22,CHO,4,4,24.8,4.3,5.5,0.773,0,0,,4.3,5.5,0.773,0.773,2,2.8,0.727,2.5,5.3,7.8,1,1.3,1,1.3,2,10.5
411,Patrick Williams,PF,22,CHI,5,5,22.4,1.6,6,0.267,0.4,3.2,0.125,1.2,2.8,0.429,0.3,0.4,0.4,1,0.8,2.4,3.2,1.4,1.4,0.4,1.2,2.4,4
412,Robert Williams,C,26,POR,4,0,22,3,4.8,0.632,0,0,,3,4.8,0.632,0.632,1,1.3,0.8,1.3,5,6.3,1.3,1.3,1.5,1.3,3,7
413,Vince Williams Jr.,SG,23,MEM,2,0,8.5,1,2.5,0.4,0.5,2,0.25,0.5,0.5,1,0.5,3.5,4,0.875,0,1,1,1.5,0.5,1.5,0.5,1.5,6
414,Ziaire Williams,SF,22,MEM,5,5,29.2,3.6,8.8,0.409,1.8,5.4,0.333,1.8,3.4,0.529,0.511,1.4,1.4,1,0.8,6,6.8,1.2,0.2,0.4,2,1.6,10.4
415,Zion Williamson,PF,23,NOP,4,4,30.8,8.8,17.3,0.507,0,0.3,0,8.8,17,0.515,0.507,4,6.8,0.593,3.8,3,6.8,4,0.8,0,3,2.5,21.5
416,Jalen Wilson,PF,23,BRK,1,0,6,0,1,0,0,0,,0,1,0,0,0,0,,0,1,1,0,0,1,0,0,0
417,Dylan Windler,SF,27,NYK,2,0,3,0.5,1,0.5,0.5,1,0.5,0,0,,0.75,0,0,,0,0.5,0.5,0.5,0,0,0,0.5,1.5
418,James Wiseman,C,22,DET,1,0,6,2,4,0.5,0,0,,2,4,0.5,0.5,0,0,,0,2,2,1,0,0,1,4,4
419,Christian Wood,PF,28,LAL,5,0,21.2,3,5.2,0.577,1,2.6,0.385,2,2.6,0.769,0.673,1.8,2.6,0.692,1.2,6.6,7.8,1,0.2,0.8,1.4,1.8,8.8
420,Delon Wright,PG,31,WAS,4,0,19.8,1,4,0.25,0.5,1.3,0.4,0.5,2.8,0.182,0.313,1,1.3,0.8,0.3,3,3.3,6,1.8,0.3,0.3,0.5,3.5
421,Trae Young,PG,25,ATL,5,5,34.8,5.8,17.8,0.326,1.6,6.4,0.25,4.2,11.4,0.368,0.371,8.4,9.6,0.875,0.2,2,2.2,10,1.6,0,3.6,1.6,21.6
422,Omer Yurtseven,C,25,UTA,3,0,5,1,1.7,0.6,0,0.3,0,1,1.3,0.75,0.6,0.3,0.7,0.5,0.7,2,2.7,0.7,0,0,0.3,1,2.3
423,Cody Zeller,C,31,NOP,3,0,5,0,1.7,0,0,0,,0,1.7,0,0,0,0.7,0,1,0.7,1.7,0,0,0,0,0,0
424,Ivica Zubac,C,26,LAC,5,5,23.8,4.8,7.8,0.615,0,0,,4.8,7.8,0.615,0.615,2,3.4,0.588,2.2,5.8,8,0.2,0,1.6,1.2,3,11.6